0,38,424,Squid-Game-Front-Man-Mask.png,889,1184
1,99,623,Squid-Game-Front-Man-Mask.png,889,1184
2,165,824,Squid-Game-Front-Man-Mask.png,889,1184
3,203,932,Squid-Game-Front-Man-Mask.png,889,1184
4,237,995,Squid-Game-Front-Man-Mask.png,889,1184
5,284,1044,Squid-Game-Front-Man-Mask.png,889,1184
6,332,1074,Squid-Game-Front-Man-Mask.png,889,1184
7,375,1097,Squid-Game-Front-Man-Mask.png,889,1184
8,445,1108,Squid-Game-Front-Man-Mask.png,889,1184
9,512,1099,Squid-Game-Front-Man-Mask.png,889,1184
10,563,1074,Squid-Game-Front-Man-Mask.png,889,1184
11,614,1042,Squid-Game-Front-Man-Mask.png,889,1184
12,656,993,Squid-Game-Front-Man-Mask.png,889,1184
13,690,934,Squid-Game-Front-Man-Mask.png,889,1184
14,724,826,Squid-Game-Front-Man-Mask.png,889,1184
15,783,623,Squid-Game-Front-Man-Mask.png,889,1184
16,843,426,Squid-Game-Front-Man-Mask.png,889,1184
17,82,362,Squid-Game-Front-Man-Mask.png,889,1184
18,152,311,Squid-Game-Front-Man-Mask.png,889,1184
19,235,305,Squid-Game-Front-Man-Mask.png,889,1184
20,320,316,Squid-Game-Front-Man-Mask.png,889,1184
21,381,369,Squid-Game-Front-Man-Mask.png,889,1184
22,512,371,Squid-Game-Front-Man-Mask.png,889,1184
23,565,318,Squid-Game-Front-Man-Mask.png,889,1184
24,639,307,Squid-Game-Front-Man-Mask.png,889,1184
25,730,313,Squid-Game-Front-Man-Mask.png,889,1184
26,807,362,Squid-Game-Front-Man-Mask.png,889,1184
27,445,436,Squid-Game-Front-Man-Mask.png,889,1184
28,445,506,Squid-Game-Front-Man-Mask.png,889,1184
29,445,582,Squid-Game-Front-Man-Mask.png,889,1184
30,445,640,Squid-Game-Front-Man-Mask.png,889,1184
31,320,693,Squid-Game-Front-Man-Mask.png,889,1184
32,368,703,Squid-Game-Front-Man-Mask.png,889,1184
33,442,705,Squid-Game-Front-Man-Mask.png,889,1184
34,523,705,Squid-Game-Front-Man-Mask.png,889,1184
35,569,690,Squid-Game-Front-Man-Mask.png,889,1184
36,114,424,Squid-Game-Front-Man-Mask.png,889,1184
37,161,394,Squid-Game-Front-Man-Mask.png,889,1184
38,264,405,Squid-Game-Front-Man-Mask.png,889,1184
39,315,436,Squid-Game-Front-Man-Mask.png,889,1184
40,269,477,Squid-Game-Front-Man-Mask.png,889,1184
41,169,464,Squid-Game-Front-Man-Mask.png,889,1184
42,572,438,Squid-Game-Front-Man-Mask.png,889,1184
43,625,407,Squid-Game-Front-Man-Mask.png,889,1184
44,720,394,Squid-Game-Front-Man-Mask.png,889,1184
45,771,430,Squid-Game-Front-Man-Mask.png,889,1184
46,711,464,Squid-Game-Front-Man-Mask.png,889,1184
47,622,474,Squid-Game-Front-Man-Mask.png,889,1184
48,250,894,Squid-Game-Front-Man-Mask.png,889,1184
49,296,818,Squid-Game-Front-Man-Mask.png,889,1184
50,402,807,Squid-Game-Front-Man-Mask.png,889,1184
51,445,826,Squid-Game-Front-Man-Mask.png,889,1184
52,487,809,Squid-Game-Front-Man-Mask.png,889,1184
53,597,826,Squid-Game-Front-Man-Mask.png,889,1184
54,631,900,Squid-Game-Front-Man-Mask.png,889,1184
55,601,936,Squid-Game-Front-Man-Mask.png,889,1184
56,529,957,Squid-Game-Front-Man-Mask.png,889,1184
57,447,964,Squid-Game-Front-Man-Mask.png,889,1184
58,370,957,Squid-Game-Front-Man-Mask.png,889,1184
59,298,938,Squid-Game-Front-Man-Mask.png,889,1184
60,303,866,Squid-Game-Front-Man-Mask.png,889,1184
61,379,847,Squid-Game-Front-Man-Mask.png,889,1184
62,447,862,Squid-Game-Front-Man-Mask.png,889,1184
63,512,851,Squid-Game-Front-Man-Mask.png,889,1184
64,576,862,Squid-Game-Front-Man-Mask.png,889,1184
65,533,896,Squid-Game-Front-Man-Mask.png,889,1184
66,445,907,Squid-Game-Front-Man-Mask.png,889,1184
67,353,894,Squid-Game-Front-Man-Mask.png,889,1184
68,55,328,Squid-Game-Front-Man-Mask.png,889,1184
69,165,250,Squid-Game-Front-Man-Mask.png,889,1184
70,273,208,Squid-Game-Front-Man-Mask.png,889,1184
71,445,191,Squid-Game-Front-Man-Mask.png,889,1184
72,612,205,Squid-Game-Front-Man-Mask.png,889,1184
73,716,250,Squid-Game-Front-Man-Mask.png,889,1184
74,826,333,Squid-Game-Front-Man-Mask.png,889,1184